lag,p_value,significativo
1,0.4879572607913317,NO
2,0.17624882346698198,NO
3,0.3020233662703091,NO
4,0.2960147065019162,NO
5,0.0865352917301844,NO
